gamma,b_naught,beta
0.02571288757843084,7.215973920497344,0.030660732685098325
