gamma,b_naught,beta
0.02570467168079303,7.215973920497344,0.030660732685098325
