gamma,b_naught,beta
0.025596089320566846,7.215998910591114,0.030559530716174045
